month,metric,orientation,units,value,source_label,excel_row
jan,exterior_temperature,,degF,24.8072,Exterior temperature,26
feb,exterior_temperature,,degF,27.8672,Exterior temperature,26
mar,exterior_temperature,,degF,36.1472,Exterior temperature,26
apr,exterior_temperature,,degF,48.0272,Exterior temperature,26
may,exterior_temperature,,degF,58.1072,Exterior temperature,26
jun,exterior_temperature,,degF,66.9272,Exterior temperature,26
jul,exterior_temperature,,degF,71.9672,Exterior temperature,26
aug,exterior_temperature,,degF,70.3472,Exterior temperature,26
sep,exterior_temperature,,degF,62.4272,Exterior temperature,26
oct,exterior_temperature,,degF,50.3672,Exterior temperature,26
nov,exterior_temperature,,degF,40.8272,Exterior temperature,26
dec,exterior_temperature,,degF,30.3872,Exterior temperature,26
jan,solar_radiation,north,kWh/ft2,1.39354559957,Radiation North,27
feb,solar_radiation,north,kWh/ft2,1.67225471949,Radiation North,27
mar,solar_radiation,north,kWh/ft2,2.50838207923,Radiation North,27
apr,solar_radiation,north,kWh/ft2,3.15870335903,Radiation North,27
may,solar_radiation,north,kWh/ft2,4.36644287867,Radiation North,27
jun,solar_radiation,north,kWh/ft2,4.73805503855,Radiation North,27
jul,solar_radiation,north,kWh/ft2,4.64515199858,Radiation North,27
aug,solar_radiation,north,kWh/ft2,3.53031551892,Radiation North,27
sep,solar_radiation,north,kWh/ft2,2.69418815918,Radiation North,27
oct,solar_radiation,north,kWh/ft2,2.04386687938,Radiation North,27
nov,solar_radiation,north,kWh/ft2,1.39354559957,Radiation North,27
dec,solar_radiation,north,kWh/ft2,1.20773951963,Radiation North,27
jan,solar_radiation,east,kWh/ft2,3.43741247895,Radiation East,28
feb,solar_radiation,east,kWh/ft2,4.27353983869,Radiation East,28
mar,solar_radiation,east,kWh/ft2,6.41030975804,Radiation East,28
apr,solar_radiation,east,kWh/ft2,7.61804927767,Radiation East,28
may,solar_radiation,east,kWh/ft2,9.75481919702,Radiation East,28
jun,solar_radiation,east,kWh/ft2,9.4761100771,Radiation East,28
jul,solar_radiation,east,kWh/ft2,10.3122374368,Radiation East,28
aug,solar_radiation,east,kWh/ft2,8.54707967739,Radiation East,28
sep,solar_radiation,east,kWh/ft2,7.06063103784,Radiation East,28
oct,solar_radiation,east,kWh/ft2,5.29547327838,Radiation East,28
nov,solar_radiation,east,kWh/ft2,3.43741247895,Radiation East,28
dec,solar_radiation,east,kWh/ft2,2.78709119915,Radiation East,28
jan,solar_radiation,south,kWh/ft2,8.8257887973,Radiation South,29
feb,solar_radiation,south,kWh/ft2,9.10449791722,Radiation South,29
mar,solar_radiation,south,kWh/ft2,9.94062527696,Radiation South,29
apr,solar_radiation,south,kWh/ft2,8.45417663742,Radiation South,29
may,solar_radiation,south,kWh/ft2,7.89675839759,Radiation South,29
jun,solar_radiation,south,kWh/ft2,7.33934015776,Radiation South,29
jul,solar_radiation,south,kWh/ft2,7.89675839759,Radiation South,29
aug,solar_radiation,south,kWh/ft2,8.73288575733,Radiation South,29
sep,solar_radiation,south,kWh/ft2,9.56901311707,Radiation South,29
oct,solar_radiation,south,kWh/ft2,10.5909465568,Radiation South,29
nov,solar_radiation,south,kWh/ft2,8.36127359744,Radiation South,29
dec,solar_radiation,south,kWh/ft2,8.36127359744,Radiation South,29
jan,solar_radiation,west,kWh/ft2,3.43741247895,Radiation West,30
feb,solar_radiation,west,kWh/ft2,4.64515199858,Radiation West,30
mar,solar_radiation,west,kWh/ft2,6.68901887796,Radiation West,30
apr,solar_radiation,west,kWh/ft2,7.43224319773,Radiation West,30
may,solar_radiation,west,kWh/ft2,8.91869183727,Radiation West,30
jun,solar_radiation,west,kWh/ft2,9.4761100771,Radiation West,30
jul,solar_radiation,west,kWh/ft2,9.19740095719,Radiation West,30
aug,solar_radiation,west,kWh/ft2,8.54707967739,Radiation West,30
sep,solar_radiation,west,kWh/ft2,6.96772799787,Radiation West,30
oct,solar_radiation,west,kWh/ft2,6.13160063813,Radiation West,30
nov,solar_radiation,west,kWh/ft2,3.80902463884,Radiation West,30
dec,solar_radiation,west,kWh/ft2,3.43741247895,Radiation West,30
jan,solar_radiation,horizontal,kWh/ft2,5.20257023841,Horizontal radiation,31
feb,solar_radiation,horizontal,kWh/ft2,6.78192191793,Horizontal radiation,31
mar,solar_radiation,horizontal,kWh/ft2,10.5909465568,Horizontal radiation,31
apr,solar_radiation,horizontal,kWh/ft2,12.8206195161,Horizontal radiation,31
may,solar_radiation,horizontal,kWh/ft2,15.9793228751,Horizontal radiation,31
jun,solar_radiation,horizontal,kWh/ft2,16.7225471949,Horizontal radiation,31
jul,solar_radiation,horizontal,kWh/ft2,17.0012563148,Horizontal radiation,31
aug,solar_radiation,horizontal,kWh/ft2,14.8644863955,Horizontal radiation,31
sep,solar_radiation,horizontal,kWh/ft2,11.6128799965,Horizontal radiation,31
oct,solar_radiation,horizontal,kWh/ft2,8.91869183727,Horizontal radiation,31
nov,solar_radiation,horizontal,kWh/ft2,5.29547327838,Horizontal radiation,31
dec,solar_radiation,horizontal,kWh/ft2,4.45934591864,Horizontal radiation,31
jan,dew_point_temperature,,degF,17.24,Dew point temperature,32
feb,dew_point_temperature,,degF,17.6,Dew point temperature,32
mar,dew_point_temperature,,degF,24.8,Dew point temperature,32
apr,dew_point_temperature,,degF,35.06,Dew point temperature,32
may,dew_point_temperature,,degF,46.58,Dew point temperature,32
jun,dew_point_temperature,,degF,58.46,Dew point temperature,32
jul,dew_point_temperature,,degF,61.88,Dew point temperature,32
aug,dew_point_temperature,,degF,62.6,Dew point temperature,32
sep,dew_point_temperature,,degF,55.58,Dew point temperature,32
oct,dew_point_temperature,,degF,43.16,Dew point temperature,32
nov,dew_point_temperature,,degF,34.16,Dew point temperature,32
dec,dew_point_temperature,,degF,22.46,Dew point temperature,32
jan,sky_temperature,,degF,-3.46,Sky temperature,33
feb,sky_temperature,,degF,-1.84,Sky temperature,33
mar,sky_temperature,,degF,7.88,Sky temperature,33
apr,sky_temperature,,degF,21.38,Sky temperature,33
may,sky_temperature,,degF,34.7,Sky temperature,33
jun,sky_temperature,,degF,47.66,Sky temperature,33
jul,sky_temperature,,degF,51.8,Sky temperature,33
aug,sky_temperature,,degF,51.98,Sky temperature,33
sep,sky_temperature,,degF,43.7,Sky temperature,33
oct,sky_temperature,,degF,29.12,Sky temperature,33
nov,sky_temperature,,degF,19.04,Sky temperature,33
dec,sky_temperature,,degF,4.1,Sky temperature,33
