row_type,room_name,amount,allocation_to_vent_unit,room_area_ft2,room_volume_ft3,room_height_ft,v_sup_high_cfm,v_eta_high_cfm,v_sup_med_cfm,v_eta_med_cfm,v_sup_low_cfm,v_eta_low_cfm,excel_row
room,000-STAIR,1,1,29.8039232971,244.454751367,8.2020997375,0,0,0,0,0,0,56
room,001-BASEMENT,1,1,828.153454214,6792.59722708,8.2020997375,24.0000000194,24.0000000194,18.4800000149,18.4800000149,12.0000000097,12.0000000097,57
room,100-STAIR,1,1,21.0338541731,172.521769732,8.2020997375,0,0,0,0,0,0,58
room,101-DINING,1,1,181.789062556,1491.05202175,8.2020997375,24.0000000194,0,18.4800000149,0,12.0000000097,0,59
room,102-KITCHEN,1,1,156.877604215,1286.72575591,8.2020997375,0,36.000000029,0,27.7200000224,0,18.0000000145,60
room,103-BATH,1,1,83.8159722478,687.466963736,8.2020997375,0,36.000000029,0,27.7200000224,0,18.0000000145,61
room,104-STUDIO,1,1,39.6300248571,325.049416365,8.2020997375,12.0000000097,0,9.24000000745,0,6.00000000484,0,62
room,105-LIVING,1,1,149.587673657,1226.93301841,8.2020997375,12.0000000097,0,9.24000000745,0,6.00000000484,0,63
room,106-MAIN BEDROOM,1,1,148.569433233,1218.5813089,8.2020997375,24.0000000194,0,18.4800000149,0,12.0000000097,0,64
room,107-MAIN CLOSET,1,1,80.1493072037,657.392611351,8.2020997375,0,0,0,0,0,0,65
room,108-MAIN BATH,1,1,48.5833333482,398.485345565,8.2020997375,0,36.000000029,0,27.7200000224,0,18.0000000145,66
room,109-LOWER STAIR HALL,1,1,46.7543710122,383.484014075,8.2020997375,0,0,0,0,0,0,67
room,200-STAIR,1,1,28.5059765046,233.808862325,8.2020997375,0,0,0,0,0,0,68
room,201-LOFT,1,1,161.78624615,1326.98692662,8.2020997375,12.0000000097,0,9.24000000745,0,6.00000000484,0,69
room,202-CLOSET,1,1,26.0709535146,213.836560905,8.2020997375,0,0,0,0,0,0,70
room,203-UPPER STAIR HALL,1,1,108.551803487,890.352718576,8.2020997375,12.0000000097,0,9.24000000745,0,6.00000000484,0,71
room,204-OFFICE,1,1,94.639999058,776.246711164,8.2020997375,12.0000000097,0,9.24000000745,0,6.00000000484,0,72
room,205-CLOSET,1,1,20.9701147835,171.998972902,8.2020997375,0,0,0,0,0,0,73
room,RANGE HOOD ON,1,2,156.877604215,1286.72575591,8.2020997375,264.86000055,264.86000055,0,0,0,0,75
total,Totals,,1,2255.27310751,18497.9749567,,132.000000106,132.000000106,101.640000082,101.640000082,66.0000000532,66.0000000532,
total,Totals,,2,156.877604215,1286.72575591,,264.86000055,264.86000055,0,0,0,0,
